Time,Flux,Flux_err
0.0,1.012745817248283,0.001561078558237745
0.02083321695727136,1.011068358993436,0.0015600595215989645
0.041666433710815916,1.0130190877904015,0.0015606027287519745
0.062499650449808535,1.0129679506039615,0.001562831340604243
0.08333286735364709,1.010584139746023,0.0015619358223337794
0.10416608458922384,1.0120460905988131,0.0015623113609634545
0.12499930230978863,1.0132609800629626,0.0015611016871813115
0.14583252065085614,1.0100205776416185,0.0015595726242773836
0.1666657397279323,1.012148530124685,0.0015608840712615655
0.18749895963469496,1.0103893465891909,0.0015607286021715242
0.20833218044231214,1.01207257888698,0.0015600171468931323
0.2291654021953491,1.0103948953531408,0.001561325308689968
0.24999862491586103,1.0111595026072824,0.0015616017407502484
0.2708318485972541,1.0101556448992934,0.0015594912337418164
0.29166507321042445,1.0124664118960838,0.0015599231197419648
0.31249829869830137,1.0111721087163998,0.001559209362488615
0.3333315249815314,1.0105379583637877,0.0015689606985519482
0.3749979794995397,1.0092506008718347,0.0015599277513354778
0.3958312074692003,1.0105209592015971,0.0015608217708637786
0.41666443570602496,1.011037154132003,0.0015611315205081994
0.7083295570728296,1.0181330422305588,0.001526768273487343
0.7291627684617197,1.0198409005055884,0.0015249467620468409
0.7499959778285756,1.0150087028429544,0.0015228477509901506
0.7708291851799913,1.0174704012550675,0.0015241072070528432
0.7916623905473443,1.0165098285419991,0.0015279487582402882
0.8124955939908887,1.0134386926746757,0.0015297590785706815
0.8333287955899777,1.0139272679489846,0.001538034008137515
0.8541619954494308,1.0131064789096338,0.0015342452400494693
0.8749951936936213,1.010269978591137,0.0015406909315203033
0.8958283904671589,1.010821313028085,0.001539475310343501
0.9166615859301146,1.007610506722527,0.0015426839497120716
0.9374947802543828,1.007653326351469,0.0015424518776711571
0.9583279736255008,1.0079603231466672,0.0015434526284618375
0.9791611662349168,1.005120924880329,0.0015465770336351506
0.9999943582768084,1.0067566870857507,0.0015468683202320595
1.0208275499480806,1.0054504996831604,0.0015475981436348532
1.0416607414413193,1.0057184306038027,0.0015475651815392481
1.0624939329456993,1.0045395397083643,0.0015485250611909909
1.0833271246367528,1.003877604311227,0.0015535738641091208
1.1249935092328087,1.0018362433320112,0.0015546628690410891
1.1458267024206634,1.0013264419073469,0.0015533562948652148
1.1666598963583965,1.0007948625182754,0.001554985032204719
1.1874930911376396,1.0000506835345595,0.0015560890921672305
1.2083262868256952,1.0011755777509337,0.001555064910030034
1.2291594834650823,0.9974876269221324,0.001555814702853036
1.249992681072854,0.999168231249062,0.0015554280323801064
1.2708258796401424,0.9992796855341872,0.0015572488646865778
1.2916590791332965,0.9992024157462144,0.0015593807073646755
1.3124922794929716,0.9963918490947448,0.0015573207931594089
1.3333254806370858,1.0005349302544029,0.0015572965904613915
1.3541586824585463,0.9986820569851688,0.001556564285797418
1.3749918848320704,0.9989794070510084,0.0015572794070177387
1.3958250876125928,0.9984540888233392,0.0015583738027118337
1.416658290638452,0.99911561415882,0.0015593779917336564
1.4374914937366157,0.9987370427879398,0.0015586623735321392
1.4583246967215473,0.9978173593205351,0.0015628793769482494
1.479157899402253,0.9997932400277866,0.0015610460579833293
1.4999911015827363,0.9980455319045606,0.001560108319877407
1.5208243030685935,0.9995777585915708,0.001561235355582482
1.5416575036661015,0.9977028659974488,0.0015592527398163862
1.562490703186768,0.9976872563544716,0.0015594115747859507
1.6249902935894625,0.9996464490569276,0.0015600765531839356
1.6458234871747663,0.9979958694567816,0.001559316273990476
1.6666566789497208,0.9983538247465916,0.0015598768099644306
1.687489868825878,0.9981431751287648,0.0015587166189968324
1.7083230567357075,0.997484173125526,0.001559590094780788
1.7291562426403289,0.9991757001122976,0.0015613540021415467
1.749989426522916,1.0015043605679343,0.0015677597626650983
1.7708226083943828,0.9994895303630108,0.0015613283061198125
1.8124889662703936,0.999429104829178,0.0015610128346869635
1.833322142420002,1.001485236029949,0.0015621489179269926
1.8541553168458904,0.9986294785194876,0.0015628957001241573
1.8958216610562888,1.0,0.0015623672697704686
1.91665483114798,1.0006526902527395,0.0015609431127112153
1.9374880001266772,0.999783048313707,0.0015619606144559955
1.9583211681783723,0.9976178764258418,0.001561274355350845
1.9791543354929215,1.0000901454505458,0.0015600018477607562
1.9999875022674587,1.001281852965635,0.0015620503682430536
2.020820668698206,0.9994006852560688,0.0015619506178671705
2.041653834977069,1.0000609218207297,0.001559801434971928
2.0833201678156,0.9990966486004992,0.0015637709297580107
2.104153334716329,1.0007273833265315,0.0015622025079443994
2.124986502141155,0.9993870885127742,0.001563903696683402
2.1458196702203622,1.0017890622490109,0.0015640399457356965
2.166652839064,0.9978773361385324,0.001560253494039426
2.1874860087598336,1.0010518468761538,0.001563247248820898
2.2083191793719834,0.9980924387345576,0.0015616119298952976
2.229152350940467,1.0008489430959315,0.0015622459775738668
2.2499855234791544,1.0019727306564736,0.001560906833663408
2.2708186969748567,1.002444495661441,0.0015639642217955025
2.2916518713911955,0.9993206733542516,0.0015611992745720976
2.3124850466660973,1.0008191312337482,0.001562670483956343
2.3333182227129328,1.0001925101366531,0.0015610931711720374
2.3541513994236998,1.0009138648510063,0.0015622832732850914
2.3749845766685667,0.9988271162269484,0.0015631438695967034
2.395817754301106,1.003087701264648,0.001562721655048299
2.4166509321589733,1.0002356452931809,0.0015608633453299686
2.43748411006527,1.001530304523678,0.0015650819928927338
2.458317287834461,1.0005898302606897,0.0015616924800977007
2.4791504652750973,0.9991101689696522,0.001568143795811792
2.499983642192092,1.0002134021036315,0.0015647955140808904
2.520816818387857,1.0009431153048007,0.0015636937381364848
2.541649993671172,1.0002728034538413,0.0015618638214263758
2.5624831678571813,1.000710653841422,0.0015616452326786651
2.5833163407687607,1.0023810812506553,0.0015606741794748382
2.604149512242884,1.0006627379950503,0.001561369469942731
2.624982682132668,0.9989498617765291,0.00156158744187095
2.6458158503089635,0.9996770897016892,0.0015612892778759518
2.666649016663314,1.0002028841580748,0.0015613646965876016
2.708315343585354,0.9995582686926386,0.001567959498154253
2.7291485040514094,1.0007617967201137,0.0015641547841980276
2.749981662497476,1.0008259778640554,0.0015620281578341405
2.770814818937197,0.9998131095298266,0.0015621245833804267
2.791647973407408,1.001415284497415,0.0015625522226941
2.8124811259733637,1.0018066150529346,0.0015657873237110414
2.833314276722604,1.000666670549765,0.0015627932586701814
2.8541474257647224,1.0007825846006981,0.0015619724581116825
2.874980573231141,1.001354690076561,0.0015636929472634322
2.8958137192680624,1.001608831148728,0.0015625715717330134
2.9166468640398766,0.9988344948037391,0.0015615176647113403
2.937480007723252,1.000053208395382,0.0015644976177850436
2.958313150505319,1.002107132097095,0.0015623072392026492
2.9791462925777523,1.0019174924041878,0.0015662565952096346
2.9999794341365487,1.0001326463349582,0.0015615080695496652
3.0208125753783865,1.0019314486425348,0.0015635109324718367
3.0416457164942585,0.9986086446903448,0.0015612082318026304
3.062478857668567,0.9995610767414604,0.0015618874206170929
3.083311999079569,1.0018598915518762,0.0015628315653210749
3.104145140887113,1.0017337341218,0.0015624633062954149
3.1249782832380784,0.9992411761705448,0.001561825641212153
3.14581142625957,1.0007182764100278,0.0015621142375066642
3.1666445700593613,0.9998180499133772,0.0015617057293877382
3.187477714722263,1.0005863820480292,0.0015626018275172562
3.2083108603096657,1.001594327523727,0.0015619649888600168
3.2291440068581783,1.0006697725976357,0.0015659049381407338
3.2708103028494406,1.003353275084249,0.0015616833474136887
3.291643452238759,1.000904227245986,0.001563516949463852
3.3124766024768637,0.9990458890830431,0.0015610777068801535
3.3333097534755325,1.001675711925568,0.0015625317191870687
3.3541429051219893,0.9992694903502208,0.0015631006153323476
3.3749760572866307,0.9991093089385278,0.001561910097403578
3.4374755153187384,1.0000506700117562,0.0015636317534417385
3.4583086679206185,1.0009674892250924,0.0015621190274226306
3.4791418201700712,1.0005910919070051,0.0015655798620130747
3.499974971870415,0.9987036701233818,0.0015614566503424714
3.5624744217436732,0.99996396659726,0.001564730787538588
3.583307569346516,1.0020490501969488,0.0015652865103367207
3.6041407154932585,1.0003393467958417,0.0015613160350677355
3.6249738600390633,0.9997663673943828,0.0015622966112708516
3.666640143842415,0.9999161215862088,0.0015611415009412052
3.7083064200023728,0.9994260629842564,0.0015616139234423455
3.729139555083975,1.0008600278475874,0.0015618746472954171
3.7499726881453626,0.999946105894036,0.001562544358411865
3.770805819205407,1.0013422004410202,0.0015679046398194574
3.79163894830549,0.9981052775241258,0.0015617978618738208
3.8124720755117787,1.0004427809730785,0.0015611727686063634
3.8541383246308665,1.0027666686310337,0.0015636396830917033
3.895804567537653,1.001524233566182,0.0015617550958420944
3.916637687046887,0.9995794064596226,0.0015615724240506926
3.9374708054926937,0.9997764478245048,0.0015637989896586562
3.958303923063113,1.0005899629884136,0.0015623291142955774
3.9791370399502735,0.9978360913177902,0.001562009022104671
3.999970156350855,1.0013337275144252,0.001562517161542646
4.041636388471261,0.999409551198166,0.00156251237359677
4.062469504564889,0.9991506963225648,0.0015615483741309448
4.083302620918404,1.0017679160906046,0.0015636525860229591
4.104135737689148,0.999183710125266,0.0015638097525965675
4.124968855021733,0.9994094896429646,0.0015616561424389274
4.145801973043035,1.0002811717753721,0.001562912075589722
4.187468211543319,0.9991539440976356,0.0015608621178659552
4.208301332161,0.9994068548231184,0.0015625010221923306
4.2291344537443365,0.9979092897900677,0.001561446746006111
4.249967576298559,0.9973121257134716,0.0015609369975716114
4.291633824221208,0.9987275413973449,0.001561849770555145
4.312466949477312,1.0020860423492848,0.0015612168502116331
4.33330007548102,0.9981029080968362,0.001561645447890647
4.354133202119101,1.0000631062194358,0.0015627687611597574
4.374966329256722,0.9959876209201312,0.0015627755819774102
4.395799456743589,0.9997258542778804,0.0015613219592972491
4.4166325844132635,1.0007312666855512,0.0015659908999183195
4.437465712084987,0.9986085669625072,0.0015619719638562935
4.4582988395738985,0.9994066846797632,0.0015635477573617926
4.479131966684918,0.9985295293462328,0.0015664704748275114
4.499965093222727,1.0002863448571997,0.0015617714089196696
4.520798218990649,0.9989951791242744,0.0015610610748897644
4.541631343799509,0.997730377152612,0.0015632413381966644
4.562464467465587,1.0002291677687791,0.0015630041358400534
4.5832975898151735,1.0001377973846748,0.001561567578039008
4.60413071069047,0.99854147414964,0.0015641003506555186
4.624963829948683,0.9980303235424458,0.0015607529613188278
4.64579694746476,0.9981739112808028,0.0015605891910647099
4.666630063136608,0.9976336429365704,0.0015622938880444676
4.687463176884648,0.9997344687060088,0.0015616198373916
4.708296288651127,0.9998201246923734,0.0015612260399124724
4.7291293984055764,1.00025731307021,0.0015617710528104346
4.749962506142309,0.9981800444282478,0.0015602682820167494
4.770795611883159,1.00065267903366,0.001561750662701918
4.791628715672231,0.9996518127061376,0.0015636454745468313
4.812461817579333,0.9990064597387928,0.0015621064781831872
4.833294917698822,0.9971390635275608,0.0015614737583951074
4.854128016147115,0.9994749545447222,0.0015626688597619243
4.874961113057225,0.9979089224319296,0.0015619148032193259
4.8957942085835375,1.000319402311263,0.0015616236566667644
4.916627302892493,1.0006193441648987,0.0015634150173494945
4.93746039616326,0.999479961569718,0.0015616495665451448
4.958293488584103,0.9996330578201612,0.0015659724216188615
4.9791265803498845,0.9994861773414838,0.0015669044486951536
4.9999596716565975,0.9963970253248148,0.0015618451725595733
5.020792762698875,0.994948509686201,0.0015620649366467874
5.041625853666346,0.9990307659210296,0.0015608130657554984
5.062458944742731,1.00012864001025,0.0015609766338031547
5.083292036101966,1.0034211566741824,0.0015634930935986187
5.104125127899351,0.9972926130514104,0.0015618127781752966
5.124958220277903,0.9996684096084674,0.0015675489566810909
5.14579131336086,0.9961942864283186,0.0015603462517993646
5.166624407248719,0.9982013138140482,0.0015644469972867893
5.187457502021289,0.9978239387412244,0.0015612302666054287
5.2082905977326845,0.9997698764621616,0.0015672780915387745
5.229123694411555,0.9992634981085322,0.0015616655974461568
5.249956792061994,0.9975054005517712,0.0015682160770997984
5.270789890663764,0.9971806021842514,0.0015626713624119516
5.291622990166161,0.9996952936002509,0.0015625790921778495
5.312456090499609,0.998667058644884,0.0015620427424834766
5.33328919156952,0.9972329105202296,0.0015651109354752018
5.354122293258571,0.997203477119357,0.0015612522505448975
5.374955395429424,0.9960901324755655,0.0015627062828841944
5.3957884979292885,0.9988131341201562,0.001562585776658786
5.416621600589906,0.9982610405329666,0.00156125875341075
5.43745470323188,0.9979471785920858,0.001562956023037957
5.4582878056651225,0.9967593496206629,0.0015669823196571935
5.479120907696596,0.9980307812825686,0.0015645318942858599
5.499954009131444,0.9972475072579394,0.001561630314526049
5.520787109772527,0.9982031544107496,0.0015614875187532407
5.541620209431585,0.9961543634829726,0.0015616449459391732
5.562453307924444,0.9965760342637724,0.0015642570217582275
5.583286405081027,0.9972171139652946,0.0015610343773683935
5.604119500745583,0.9977898349865936,0.0015656302924865473
5.624952594776686,0.9996681623577311,0.0015675574446819716
5.645785687052013,0.9958976948329962,0.0015621710074445445
5.666618777472423,0.9971599421811884,0.0015646269903546574
5.6874518659615205,0.9956943710196328,0.0015607681143310198
5.708284952465648,0.9982160911106328,0.0015647184436741366
5.7291180369572885,0.9973514855136696,0.0015631761218211158
5.749951119433717,0.9966771598756744,0.0015636607056621293
5.77078419991858,1.001135773393334,0.001563018260394889
5.791617278462354,0.998485725683286,0.0015618074705516381
5.812450355137344,0.9994219659017679,0.0015623879614672495
5.833283430039728,0.9973394975667204,0.0015624811178838415
5.85411650328706,0.9988887626997316,0.001564408817972986
5.874949575018263,0.9984784431735104,0.001563382394869948
5.8957826453874995,0.9968672812576362,0.0015612105556264148
5.9166157145643865,0.9997386633159128,0.0015635019776672062
5.9374487827287785,0.9991798717860356,0.0015644298392446766
5.9582818500693975,0.9985094928512268,0.0015615257754563413
5.979114916781327,1.0002437855981678,0.0015628126048749466
5.9999479830619284,0.9978401913450052,0.0015625703020825431
6.020781049104017,0.9952185201493308,0.0015655046418860564
6.041614115098809,0.9997011235864433,0.0015622828199742733
6.083280247659104,0.9971038204696486,0.0015612361312129955
6.1041133145520226,0.9968938931040384,0.001561287075691676
6.124946382044983,0.997230778194682,0.0015627719540566322
6.145779450256896,0.9968146807140468,0.0015612969870516702
6.166612519288492,0.9995843000078934,0.0015628465680890232
6.187445589212757,0.9969947879256886,0.001563595215671085
6.208278660084262,0.9992448566242388,0.0015632356933463266
6.2291117319266505,0.9985419058120224,0.0015624390986897965
6.249944804740608,0.9963538672438116,0.0015605359901811374
6.291610953157715,0.9968955485507572,0.001562610191438204
6.312444028634446,1.0002334065600869,0.001564030854881971
6.333277104833769,0.9998564354968076,0.0015625006449428165
6.354110181637907,0.997087393266432,0.0015623376432389038
6.374943258906343,1.000132825523463,0.001562708143901871
6.395776336484687,1.0013624031520012,0.0015630948415694876
6.416609414201957,1.0014221340573564,0.0015630020389263794
6.4374424918758,0.999011776316354,0.0015653609976956405
6.458275569318629,0.9997817664591496,0.0015620538425377439
6.479108646336044,0.9988830863679145,0.0015633201180417706
6.499941722731363,0.9990905976485976,0.0015663474528195376
6.5207747983101845,0.9984864854489848,0.001567854336350972
6.541607872882878,0.9983049557941159,0.0015656508560440152
6.562440946269135,0.9975550558868652,0.001562418894385905
6.583274018299107,0.9980257498246092,0.0015626037949640606
6.6041070888175,0.9971541719418712,0.001562594552801633
6.6249401576874325,0.9974802695658704,0.0015619098110538573
6.645773224789308,0.997667613002871,0.0015622513901261226
6.666606290026722,0.9992178214996578,0.0015634175682107795
6.6874393533257726,0.9999668394733524,0.0015621369050358286
6.708272414635759,0.9989085194332462,0.001561703321297866
6.729105473931894,1.0015684515814305,0.0015639665459386265
6.74993853121714,0.9987196907822832,0.001562750587647614
6.770771586517867,0.9982207247299146,0.001562476128401516
6.7916046398861445,0.9978608645240612,0.0015649080415437527
6.812437691399055,0.9999273620129152,0.0015635450940615265
6.83327074115482,0.9982665525421558,0.0015626728089394748
6.854103789274858,0.9985611129900964,0.0015623868952317616
6.874936835899688,0.9999664999340327,0.001565946584978569
6.895769881184151,0.9991035020789172,0.0015688292925108858
6.916602925300139,0.9999668164822512,0.001562392565395623
6.958269010765207,0.9991317280392976,0.0015620981853981116
6.999935093825343,0.9981438916206358,0.0015655943163543366
7.041601176036465,0.9991691118709702,0.0015623322684757235
7.06243421728891,0.999817587203307,0.0015631071888021378
7.083267258868091,1.0004565994440169,0.0015646405862306556
7.104100300928849,1.0003747546595445,0.0015632593040745175
7.145766387022832,1.0010967490678977,0.0015686346245759337
7.1665994312691055,0.9996536295374732,0.001564315469923006
7.187432476418735,1.0009873326202183,0.0015643127612378213
7.229098569596545,1.0008673124959877,0.0015694851223520595
7.27076466663334,0.9982366045083656,0.0015638358560139053
7.291597716511659,1.0007245421140547,0.0015656745276403953
7.312430767202387,0.9989354085646408,0.0015660058058081525
7.333263818602745,1.000635613728298,0.0015696580368368082
7.354096870590638,1.0002522466902637,0.0015674676200516712
7.374929923026457,0.9980925696010116,0.0015648641149230002
7.437429081369372,1.0010754189401123,0.0015665777462088293
7.4582621338911395,1.0015684676041925,0.0015656810449244682
7.499928237386483,0.9997785592631669,0.0015653816562104606
7.520761287970345,0.9992430798293316,0.0015646792531276142
7.562427385875934,1.000791273395239,0.0015701223837892126
7.5832604328484186,1.0000248809867522,0.00156635694204063
7.604093478293179,0.9993838232856528,0.0015662325439612273
7.645759564072023,0.9992994136217564,0.0015655249745136102
7.729091712742274,0.9980902194081552,0.0015678791370126912
7.770757775100948,0.9996339197301272,0.0015708679328617907
7.791590803370354,0.9995054000638752,0.001567013246286323
7.812423829795308,1.0001855143349478,0.0015696001086597893
7.8540898775477235,1.002612625557498,0.0015701682797733926
7.874922899141666,1.0022715027339817,0.001567349325699104
7.895755919418661,1.001600342545206,0.0015700475402334493
7.916588938553332,0.9999534532665404,0.0015673110581217431
7.9374219567266655,1.0018968023993338,0.0015696070380328444
7.958254974131478,0.9990546162882268,0.0015671051109668634
7.979087990961489,0.9996086402665656,0.001568143351520374
8.020754023682231,1.0020173657262097,0.0015689828761226141
8.062420056408884,1.0008748191294865,0.0015703700653336315
8.08325307321343,1.0012279593696651,0.0015811168444595245
8.104086090518878,0.999950466290322,0.0015708069841936538
8.145752127154992,0.9986601144015272,0.0015732318887585275
8.166585146691434,0.998806384228756,0.001573100859878944
8.187418167141686,1.000034807811431,0.001571631261543382
8.208251188548731,1.0022878066708345,0.0015717313983503649
8.229084210933706,1.0013984774436095,0.001572022903226374
8.249917234289343,1.0012079181442144,0.0015740353373005114
8.270750258584485,1.0004431338300064,0.0015717188942388238
8.291583283760474,0.9988691806874344,0.0015723058150567458
8.312416309737046,1.0004324681721002,0.0015745218128139806
8.333249336410972,1.0016617459490669,0.0015802042672900154
8.354082363656971,0.9998765299334688,0.0015774420087886426
8.374915391330433,0.9999185501550558,0.0015740072853200366
8.395748419273103,0.9996885476168538,0.0015774422635417313
8.41658144731241,0.9983903981976708,0.0015772662277222524
8.43741447526395,0.9985608433842654,0.0015761582636200436
8.458247502936047,1.0013175670982155,0.0015752455036803425
8.499913556661568,1.0011454943938476,0.0015754321990562796
8.541579606938512,0.9999832132614668,0.0015783665494272636
8.562412630323024,1.0005671058725607,0.0015764886966549193
8.583245652311916,1.0014918146018548,0.0015775551225897632
8.60407867275535,1.002964687793577,0.0015850700344627907
8.624911691518946,1.0001731506214322,0.0015771624594437068
8.645744708491293,1.0011277931678941,0.0015780582287220372
8.666577723579849,1.0012703078596117,0.001588151759191243
8.687410736717311,1.0001540362633152,0.0015801908152294414
8.708243747860934,1.0016207557351895,0.0015814561241920574
8.7290767569923,0.9990717668532212,0.0015772671912939898
8.74990976411982,1.0018315463095842,0.0015873692212975481
8.770742769277604,1.0010384142319402,0.0015816035968660876
8.791575772523174,1.0011666963849235,0.0015805940545692025
8.81240877394066,1.0026755162764596,0.001582764021358201
8.833241773633972,1.0019916918227705,0.0015827477307793546
8.854074771731119,1.0033410571486592,0.0015825069043706155
8.874907768374444,1.000037756094373,0.0015820287549975173
8.895740763724916,1.002361857663198,0.0015815951414395505
8.91657375795694,1.002309460785879,0.001581174104373708
8.937406751254457,1.0008575482967823,0.0015875325514545116
8.958239743810736,1.0019846843114006,0.001583811112855051
8.979072735819273,0.9990381494980586,0.0015821525822638874
8.999905727477651,1.00059248220783,0.0015831609846198127
9.020738718977782,1.0019295220540276,0.0015876889030947967
9.041571710507924,1.001383612490845,0.0015879942710619365
9.062404702244748,1.0001492053206242,0.0015919350969027964
9.083237694353556,1.0000877208520595,0.001589847657377475
9.104070686985324,1.0011412649234879,0.0015929103084581506
9.124903680270108,1.0001752934634054,0.001592122176915926
9.145736674321595,1.0003249123480362,0.0015932663852099211
9.166569669228467,1.000593110240881,0.0015937058160321036
9.187402665058244,1.000763532078644,0.0015943015810017422
9.208235661850267,1.0021050787499166,0.0015929544614387186
9.2290686596225,1.000843277198915,0.0015951103631376721
9.249901658364022,1.0016603135097268,0.0015959342739822206
9.270734658040055,0.9984180443202288,0.0015972893088999679
9.291567658590338,0.9992600167539496,0.0015963031378384224
9.312400659931427,0.9989608655736582,0.001595407609602276
9.333233661955092,0.9985467518952992,0.001603997582009417
9.354066664534683,1.0012897456237957,0.0015995207331928622
9.374899667523778,0.9994043870393436,0.0016010551948343829
9.395732670762753,1.0008877634454316,0.0016031578632144249
9.416565674075171,0.9965830162751316,0.0016055969074696824
9.437398677276859,0.9986765242637295,0.0016034140465760402
9.458231680175686,0.9984438300607436,0.001604878376532926
9.479064682575654,0.99959954074186,0.0016035833486495903
9.49989768428145,1.0012848575738322,0.0016037865314153163
9.520730685100489,0.9991011337636476,0.0016091248941848698
9.541563684846324,0.9988571257993982,0.0016029107947879964
9.562396683342287,0.9973211107698018,0.0016040965480429265
9.583229680424438,1.0004961883770012,0.0016049858628390402
9.604062675943622,0.9980672614703504,0.0016053311977804734
9.624895669769103,0.9988989032361612,0.0016048713845403211
9.64572866179128,1.0003000130194617,0.0016053447446413454
9.666561651921484,1.0001529094183108,0.0016084940506473132
9.687394640095135,0.9984025464320176,0.0016082246074250732
12.791503782852258,1.0062715919739849,0.0015614991303255627
12.81233668507457,1.0089517596533348,0.0015603071524020141
12.833169585642507,1.0075208818454124,0.0015608296838350226
12.937334069000373,1.010989031046739,0.0015627777806966742
12.978999856595463,1.0004550544891826,0.0015617906797177085
12.999832749933148,1.0115310723787836,0.0015597807698930078
13.02066564321899,1.0016358952069613,0.0015607513003402262
13.041498536634892,0.9992713677673885,0.0015609199749669225
13.062331430353426,1.0113573690294746,0.0015624822115753018
13.083164324532616,1.006119453873371,0.0015605654156054067
13.10399721931185,1.00287928310161,0.0015634432031168973
13.12483011481254,1.0067942823165912,0.0015604067066944602
13.145663011137913,0.9993509276801366,0.0015608467130990345
13.1873288065417,1.0067332975014536,0.0015580222133249428
13.208161705703105,1.0001047108002692,0.001561537535893791
13.22899460584904,1.0017882383203258,0.0015606419386833784
13.2498275069554,1.0081142050866043,0.0015632925726678526
13.270660408975345,0.999858221721661,0.0015611188472869231
13.291493311835891,1.0085175274094815,0.0015629812081343045
13.312326215439269,0.9983384969425126,0.0015707859486660618
13.333159119668608,1.0027928925703204,0.0015621195697420405
13.353992024387253,1.003819460763062,0.0015593155007658911
13.37482492944059,0.9999863974779634,0.0015607795763901981
13.395657834658778,1.0014796007011075,0.001559465185491929
13.416490739863093,1.0065256627649135,0.0015611923611210507
13.437323644862545,1.0006739989794835,0.0015586683413655342
13.458156549464322,1.0078203951370028,0.0015597265817288602
13.478989453472195,0.9965311509359168,0.0015587524746274938
13.499822356691086,1.000239946383516,0.0015587759352952335
13.520655258932038,1.0021214156220886,0.0015594497306858632
13.541488160012932,1.000269218112789,0.0015652470041822575
13.562321059762098,0.9990428970037436,0.001560594441320641
13.583153958025605,1.000343919047751,0.001559613271393257
13.603986854661796,0.9976995505590674,0.001563043269955892
13.624819749551305,1.0015654186850214,0.0015599240416836507
13.645652642595449,0.99780524670332,0.0015609457780658082
13.666485533718514,0.994589258790827,0.0015651158662770767
13.687318422866385,1.0049663888202716,0.0015606391955791544
13.708151310016547,0.996876651037698,0.0015595148416715375
13.728984195165141,1.003629554736834,0.0015604717990511411
13.749817078337626,1.001099497210482,0.0015616844965795648
13.770649959584944,0.999504996200504,0.0015595859114677655
13.791482838980526,1.0005441821676382,0.0015590268361107265
13.812315716624427,0.9959909197293544,0.0015648556993233793
13.833148592631687,0.9961358462896448,0.0015592107132297909
13.85398146714374,1.0026305854151456,0.0015588829198784945
13.874814340315194,0.9973742126782332,0.0015611084431251337
13.895647212315907,0.9931231613893616,0.001558137878454646
13.916480083325949,1.004304207169233,0.0015609747802172722
13.93731295353723,0.9939870412731868,0.0015609407003392447
13.958145823142333,0.9996965762994596,0.001558156925926328
13.978978692337932,0.9956581508744629,0.0015618905218750415
13.999811561319575,0.994540187534286,0.0015603307773797595
14.020644430276208,0.9960794888111991,0.0015589625673502116
14.041477299387909,0.995346706068122,0.0015595164863057322
14.062310168824524,0.9924081662922356,0.0015598584196348186
14.083143038742492,1.004243761249585,0.0015614341779679125
14.103975909280964,0.9905507627787212,0.0015656670176901833
14.124808780557261,0.9925154426017064,0.001558802607674883
14.145641652670292,1.0025302900887376,0.0015579297819692866
14.166474525693955,0.9911421626571518,0.0015588129380215902
14.187307399679641,0.9929898287336659,0.0015590616662792467
14.208140274650074,0.99804309535093,0.0015594039828617655
14.228973150605269,0.9922317891254954,0.0015600505640534278
14.249806027518845,0.9955783613666372,0.0015583569880786494
14.270638905339187,0.9999165695407412,0.0015601210482264554
14.291471783989437,0.9931076796577948,0.0015611872886804015
14.312304663371377,0.9963768862423256,0.0015598956803421769
14.333137543365185,0.9972736091783816,0.001567373007204094
14.353970423829427,0.9951578561628224,0.0015582912996437354
14.374803304609035,0.9967938704279732,0.0015610509586434294
14.395636185533705,0.9971515452697128,0.0015607531550802915
14.416469066420175,0.9917061034310691,0.001559943651848246
14.437301947079275,1.0008677378790884,0.0015586055592905815
14.458134827317734,0.9951853367523442,0.001567587838155942
14.478967706937738,0.992616863837984,0.0015603994163572775
14.499800585745788,0.9941660545756852,0.001564206455521206
14.520633463552258,0.9979030127339032,0.0015588513856454914
14.541466340178658,0.9937818207937552,0.0015610800213009064
14.562299215454233,0.9983120899155028,0.0015616050890264039
14.583132089225955,0.9967553339335812,0.0015595418150478164
14.603964961356269,0.9972597390747268,0.001559538957398323
14.624797831726712,0.9929711316764942,0.0015611223247869045
14.645630700243144,0.9968934488577892,0.001560834171862405
14.666463566831224,0.9933848738498496,0.0015620558702508249
14.687296431442745,0.9931280460404182,0.001559398152866244
14.708129294054745,0.9987682893999364,0.0015595759053614105
14.728962154669945,0.995314910672094,0.0015643384967269287
14.749795013317225,0.9912811058526856,0.0015595261378909856
14.770627870047749,1.0018245042419405,0.001559444144802164
14.791460724942224,0.9944226689004836,0.001558442565450275
14.812293578098204,0.9916237251176342,0.0015603496566899086
14.833126429639606,0.9954614609669544,0.00155863361453764
14.85395927970626,0.9973733622049848,0.0015610149376931134
14.874792128454375,0.9976918182467026,0.0015618451611188304
14.895624976057887,0.9886619719380446,0.0015594362336898494
14.916457822698247,1.0033592705678327,0.0015637345211041655
14.937290668565993,0.9850325161851614,0.001563418760882491
14.958123513854616,0.9946747628817976,0.0015594821353710302
14.978956358762614,0.9938714330103646,0.0015595587588075512
14.999789203482349,0.9937631009515826,0.0015584348578379715
15.020622048202538,0.9940001839470192,0.001562458756395201
15.041454893104401,0.9971933760997242,0.0015694351147433011
15.062287738354824,0.993950767325196,0.0015655765761606725
15.08312058410752,0.9940002874135796,0.0015598053432745087
15.103953430499132,0.9942644857094428,0.0015625943146665448
15.124786277644489,1.0016876759982227,0.0015622278057996748
15.145619125640225,0.9921161005162336,0.001559569433935968
15.166451974556141,0.9981102535908304,0.0015598132222255398
15.18728482443953,1.0015412362148846,0.0015606110706834163
15.208117675311316,0.9922201056687224,0.001558267672035964
15.228950527169216,0.9952894110912988,0.0015598491942324286
15.249783379981409,1.0026803496594812,0.001561491845391202
15.270616233694,0.9946348181297175,0.0015584079875829609
15.291449088227182,0.9944758616163588,0.0015598096987127926
15.312281943479093,0.9973258614379072,0.001561464380735193
15.33311479932695,0.9954177727758649,0.0015635046156116405
15.35394765562819,0.9956947797506136,0.001570217669317354
15.374780512225698,0.9942788456986372,0.0015620962411723974
15.39561336894576,1.0032470098526496,0.0015638911468891395
15.416446225606025,0.9944407152412328,0.001559612517079292
15.437279082015266,0.9954194016809396,0.0015618377089737586
15.458111937979766,1.002160168344688,0.0015597130923831262
15.478944793302615,0.9937472143025556,0.0015596315939451699
15.499777647790781,0.9983476579374698,0.00155941823762383
15.520610501255534,0.9998790307795618,0.00156291883524063
15.541443353517707,0.9961019021710626,0.0015601585996450427
15.562276204412685,0.99657261918269,0.0015696285583916745
15.583109053785165,0.9968087174772648,0.0015595320615262255
15.603941901501232,1.0010031680572655,0.0015601734185210815
15.624774747446963,0.9979592902196892,0.0015610485403023415
15.645607591528233,0.9977388247838058,0.0015591532129969438
15.666440433675914,1.0006820991676708,0.0015622662104171163
15.687273273844767,0.9942132581328372,0.0015593340160193054
15.70810611201523,0.9936432622374256,0.0015636564545281296
15.728938948193445,0.9996875636234556,0.0015601187926359607
15.749771782410107,0.9979846507538488,0.0015603194732001515
15.770604614721833,0.9976457313539884,0.0015607792053925075
15.791437445211384,1.000653181798607,0.0015593613880904439
15.812270273979037,1.0006132840456012,0.001562552624450376
15.833103101151211,0.9990817228222216,0.0015625455249633534
15.853935926870918,0.9925913051736364,0.0015599649381287215
15.87476875129596,1.001609627294515,0.001560417292764631
15.895601574602097,0.9965369765858321,0.0015628392689446516
15.916434396970999,0.9948423362062376,0.0015596274299670807
15.937267218593886,1.0007986231263857,0.0015600227500692295
15.95810003966767,0.996900780864088,0.0015594875240496412
15.978932860386749,0.9928510700176169,0.0015646106948090626
15.999765680945304,0.997183105567636,0.001560937822279849
16.020598501531595,1.00306520897636,0.001559573687780297
16.041431322322072,0.9982432469465696,0.0015603972254899787
16.062264143485663,0.9964157434981068,0.0015606452426030403
16.083096965172903,1.0012170032073626,0.0015620244500628127
16.10392978751679,0.9981171042824438,0.0015590148504579342
16.124762610630114,0.9936963172419666,0.001561876546354266
16.145595434606776,0.995952339129302,0.0015617720428553665
16.16642825951294,1.0016966863835115,0.0015620815847813727
16.187261085393633,0.995059652234908,0.0015593966513191653
16.208093912266573,0.9951707306891936,0.001562683502902825
16.228926740123597,1.0005960629562851,0.0015617383333677403
16.249759568931495,0.9956211079885194,0.0015608656728983241
16.270592398633653,0.9956858057392382,0.0015619320327359295
16.291425229145947,0.9954849043997568,0.0015595557693277855
16.312258060363774,0.9990234336529686,0.0015600203667834411
16.333090892162318,0.99106989314518,0.001560569406658443
16.353923724396733,0.9883912071616152,0.0015615575411120053
16.374756556906508,0.9941202776292654,0.0015603063430269849
16.395589389519046,0.9882188632964904,0.00155997688457234
16.416422222048595,0.9888453612638882,0.0015600381229519554
16.437255054304387,0.9900904764010374,0.0015621906648721185
16.458087886091334,0.9858821085195962,0.0015603802336075635
16.47892071721367,0.9933460552236066,0.0015602643433015213
16.49975354747744,0.9855191417812972,0.0015617074506343645
16.520586376696883,0.9865393014737563,0.0015621364520518762
16.562252031301796,0.9891197976748456,0.001561759684246383
16.58308485637258,0.9854011400926272,0.001559894566893475
16.603917679773527,0.9816577641269976,0.0015596113188135685
16.624750501391873,0.9949037454742976,0.0015605274888395005
16.64558332113893,0.9907551786509894,0.0015610284596321016
16.66641613894626,0.981452122257486,0.0015610057881978872
16.687248954773395,0.9869341629311882,0.001560691991282382
16.708081768602824,0.9934647584891054,0.0015600536653955133
16.72891458044478,0.9898361456896572,0.0015599330812581089
16.749747390334278,0.9869227167581068,0.001560554226910398
16.770580198330435,0.9917641528846396,0.0015617742953718966
16.791413004516926,0.992571677992406,0.0015608746870658507
16.812245809001524,0.9850187288448544,0.0015599595011188945
16.833078611909286,0.9861951061070472,0.0015595034349235762
16.853911413386413,0.9924483597921556,0.001559927395640126
16.874744213595022,0.9885283159960684,0.0015616118030523755
16.895577012708372,0.9880584340036836,0.0015595884995205065
16.916409810912228,0.9860514519374428,0.00156473028250965
16.937242608398034,0.9961214413464776,0.0015591929523976233
16.958075405361342,0.9900200451025364,0.0015606358038759926
16.97890820199882,0.9870175366848134,0.0015612406895868965
16.999740998502375,0.9874831925763574,0.0015609234926377965
17.020573795060045,0.9945312325632112,0.0015629818931933493
17.04140659184759,0.9878521500452498,0.0015594724054752266
17.062239389030534,0.985567526883646,0.0015617641369204745
17.083072186757136,0.9841961357169012,0.0015596715883289993
17.103904985159488,0.9956289862634432,0.0015602202156551
17.12473778434719,0.9872872883730388,0.0015607990526849615
17.14557058441119,0.9880273026714976,0.0015622865457918561
17.166403385413332,0.9886253343830662,0.0015602859920983547
17.18723618739591,0.994288220345845,0.0015603134554001874
17.208068990374382,0.9863672588912532,0.0015618704593889164
17.228901794335115,0.9872443949038842,0.0015611141429478362
17.249734599243766,0.9895839878064424,0.0015627287130081204
17.270567405037582,0.9889651278927876,0.0015627880819334221
17.291400211632663,0.9908827610649632,0.0015662795087521358
17.333065826773232,0.9930480242540992,0.0015599993209710586
17.353898635043603,0.9913720570072159,0.0015630900875247824
17.37473144357068,0.9907337419862632,0.0015625631698915755
17.39556425217802,0.9835254036547524,0.0015617992915907865
17.416397060679856,0.99043448921176,0.0015603538084567597
17.437229868885883,0.9928216263177116,0.0015609245409636213
17.45806267659941,0.9836452327747758,0.001563346487872223
17.478895483624683,0.9864563464156394,0.001559948084470576
17.49972828976911,0.9834801323528756,0.0015606654965286786
17.52056109484647,0.9946452996653186,0.0015615427383776565
17.541393898682145,0.9832744157595324,0.0015603903297074636
17.56222670111174,0.9791176255319862,0.0015612391811062189
17.58305950198678,0.9848981970192704,0.0015651117263869743
17.60389230117789,0.996828410676088,0.001559943108400035
17.6247250985773,0.9831514796964524,0.0015607417316614814
17.645557894094967,0.9879210056625012,0.0015608260556291892
17.666390687671765,0.9868509582943346,0.0015626772797007285
17.687223479264507,0.9917409915518416,0.0015617957543532825
17.708056268863174,0.9868610066439504,0.0015615656010611134
17.728889056479147,0.9842500128618484,0.0015624170371609342
17.749721842151533,0.9940309871789316,0.0015621333537063765
17.770554625943078,0.9893881643914001,0.0015641371243696467
17.791387407940192,0.9910097734853908,0.0015619039424971735
17.812220188251786,0.9855299370961054,0.001561319053681693
17.833052967008143,0.9981518430433131,0.0015612206543640307
17.853885744356376,0.9805604959066904,0.0015618581662861484
17.87471852046065,0.984444739780866,0.0015605468693119903
17.895551295495807,0.9903905750197648,0.0015617906115308515
17.916384069648302,0.9943892897671842,0.001563207894139476
17.937216843111855,0.9884230037031599,0.0015737326784014743
17.958049616080643,0.9890478392316648,0.0015611307204011712
17.978882388750893,0.9890039855330924,0.0015615654181892675
17.999715161314725,0.9932560866272501,0.0015608470639561626
18.020547933958824,0.9929070122541694,0.0015615226901746024
18.041380706858266,0.9868524463440368,0.0015617206283387358
18.06221348017607,0.9902540467614762,0.0015607094305567502
18.083046254057532,0.9967951106958128,0.0015605907287972985
18.103879028632946,0.9882080816524516,0.0015691987937996089
18.124711804009852,0.9896998619407588,0.0015612373587144052
18.145544580272826,0.9857224154134588,0.0015599201396567298
18.166377357485548,0.9907155417714404,0.001560967788018861
18.1872101356837,0.9929639990975015,0.0015614319205528536
18.20804291488002,0.9893960771302726,0.0015620341069203663
18.228875695058605,0.9793635515267723,0.0015633806882423555
18.249708476180107,0.9905935871349628,0.001561305432893668
18.270541258181087,0.9935086630902428,0.001561235969299932
18.29137404097196,0.9874052591326896,0.0015606050783115017
18.312206824442,0.9854397720005946,0.0015606686749451725
18.333039608461377,0.9836285374443409,0.0015622377892261616
18.35387239288116,0.993537404578871,0.0015620974954972109
18.374705177536725,0.9859907960760098,0.0015603153943692387
18.39553796225232,0.988638351900885,0.0015613324169808614
18.416370746840588,0.9853766653124862,0.0015632404683476498
18.437203531108253,0.9919960251140828,0.0015621235014430172
18.458036314861147,0.9889168036727491,0.0015642248839146358
18.47886909790236,0.9877467031385601,0.0015598016398815564
18.49970188004113,0.9855841702935078,0.0015611478971677818
18.520534661092146,0.9894365489420418,0.0015670696272642017
18.54136744088032,0.990569387994048,0.001559736769593746
18.56220021924605,0.9891964394058684,0.0015644703274751556
18.583032996041307,0.9908668241436576,0.0015639710856641485
18.603865771139677,0.9840627520449576,0.00156193593935368
18.624698544436114,0.9946862579785988,0.0015621945201108524
18.645531315844664,0.9977526210768868,0.0015599991496728846
18.66636408530644,0.9780731575910786,0.0015635215740391164
18.68719685278643,0.9871065287851132,0.001562851284609265
18.70802961827303,0.9884551263309322,0.0015605708472709822
18.728862381783532,0.9950827810482616,0.0015612634054720206
18.749695143360213,0.9903973819662936,0.0015606909473505274
18.770527903067887,0.9880145739046386,0.001561247625791574
18.791360660997046,0.988215061753354,0.0015630657207706545
18.812193417260236,0.9972445016721484,0.0015613251327243976
18.833026171988195,0.9909942788079014,0.0015603288987435294
18.853858925331906,0.9872074003283136,0.0015628617969070814
18.87469167745576,0.9913262200171762,0.0015613892158379097
18.89552442853733,0.9880497410916039,0.0015628393866206698
18.9163571787642,0.9925400044653758,0.0015603203006145578
18.937189928329413,0.9868329559874344,0.0015610571854669227
18.958022677429426,0.9915741286360272,0.0015609113330623176
18.978855426258182,0.9899188457781268,0.0015628138212859613
18.999688175009624,0.9863476619753349,0.0015626082576909311
19.0205209238668,0.9913088669951572,0.0015608366563757679
19.041353673003414,0.9966442425066396,0.0015608996461694542
19.062186422580453,0.9889504784185736,0.0015645676322062812
19.08301917274389,0.9908776735909997,0.0015606729274106085
19.103851923618095,0.9873573428641912,0.0015616535716136259
19.124684675308345,0.9876514293188078,0.0015633257490164144
19.145517427899218,1.0009089721144089,0.0015629090283016435
19.166350181446887,0.9893319045900784,0.0015607216445751428
19.18718293598613,0.9944151971262098,0.0015616306886863153
19.208015691526498,0.9895053853658532,0.0015606849640648812
19.2288484480473,0.9886158102821888,0.0015615498750015516
19.24968120550716,0.9991564514245888,0.0015619283278031052
19.270513963838766,0.9889367462244016,0.001560649530060951
19.291346722949587,0.9902928509370597,0.001561747233844679
19.312179482727057,0.987911801718822,0.0015599562259572509
19.333012243037732,0.9891442324570188,0.001560970186054934
19.35384500373061,0.9887160205833064,0.0015636743311026131
19.374677764640182,0.9932102563789528,0.0015611028470787574
19.39551052558727,0.9908589336755501,0.0015612548159185415
19.416343286385878,0.9875369768858612,0.0015627952611221008
19.43717604684184,0.989224570472588,0.0015612623777452315
19.4580088067587,0.9895812886219172,0.001561038006146074
19.47884156594273,0.9915258638983072,0.0015613323101549724
19.499674324202033,0.9946185647821146,0.001561660475890004
19.52050708135198,0.9942397176005944,0.0015606768541945144
19.541339837220217,0.9923528676689082,0.0015612161263615775
19.562172591648725,0.987735406240917,0.0015616101599992664
19.583005344492904,0.9911862739171992,0.0015616329979007376
19.60383809562723,0.9936355279980889,0.0015627155380544822
19.624670844949147,1.0014321536699078,0.0015614193925945965
19.645503592377967,0.9967509850710056,0.0015610951510194998
19.666336337856137,0.9974267852205498,0.0015632383151738367
19.68716908135139,0.993343994195597,0.0015644567696155047
19.708001822859387,0.9974483313269612,0.0015637164296218751
19.728834562398106,1.0000860895450792,0.0015610769573407694
19.74966730001097,1.0054078481819164,0.0015612877915362243
19.770500035770056,1.0022749736019294,0.0015618740281463108
19.79133276976677,0.9978087544065676,0.001563853086368433
19.812165502116386,0.9992260893813968,0.0015606439913112091
19.832998232952605,1.0010995976393413,0.0015632320984392785
19.85383096242708,1.0014762385821665,0.0015627993185761695
19.874663690708985,1.004184689053231,0.0015658921671448838
19.89549641797521,0.9997530807326072,0.00156328535029859
19.916329144413798,1.006405416764963,0.001562611120682246
19.937161870220507,1.0015131922342566,0.0015635297634243805
19.957994595590208,1.0011564684808736,0.0015625900993631618
19.978827320717073,1.0098789223739753,0.0015615432058474414
19.999660045793007,1.0034475798582907,0.0015652908262412722
20.020492771002182,1.0068257399688012,0.0015614093007332336
20.04132549651649,1.0014433223287071,0.0015627648830338337
20.06215822249328,1.005707196137822,0.0015623464806582815
20.08299094907602,1.0057709547469438,0.0015673657715224742
20.103823676389087,1.004690039687496,0.0015638311204826114
20.124656404534107,1.0065191140787342,0.001563792869601381
20.145489133589987,1.0111075114271375,0.0015645715021670905
20.166321863611984,1.001751999218747,0.0015619458881533715
20.187154594632602,1.0048425847751965,0.0015675376538065895
20.207987326655253,1.002676285551943,0.0015638476469573412
20.228820059657444,1.0030269866930694,0.001562499161616124
20.24965279359526,1.0030078919945045,0.001561581298946165
20.270485528395284,1.0030286142738918,0.0015629286940822445
20.29131826396565,1.0081877106488133,0.0015663666335958765
20.31215100018835,1.005547410092331,0.0015619581322100352
20.332983736927872,1.0057981634717632,0.0015631868443019355
20.353816474033014,1.0031964328646434,0.0015647154934543646
20.37464921133437,1.0048631875968006,0.0015643311179812315
20.39548194865347,1.0036771860801526,0.0015640517876292415
20.41631468580067,1.003690903780952,0.0015638207377693114
20.437147422582942,1.0030752559737872,0.0015624179235576802
20.457980158804506,1.001376237108396,0.0015632115671701298
20.47881289427028,1.0046386578884847,0.0015633154354051735
20.499645628789263,1.0102415279578203,0.001563116005639902
20.520478362179574,1.0014743267430135,0.0015626019294119982
20.541311094270668,1.0028217835115858,0.0015630694656710766
20.56214382490407,1.0032477183066988,0.0015629966462279287
20.58297655393858,1.003231811491823,0.001564226235126109
20.603809281252325,1.0029450844072323,0.0015629029065448875
20.624642006744125,1.0029720978133947,0.001563426678653134
20.64547473033849,0.9995090701893627,0.001564775339532606
20.666307451978586,1.0064182394242884,0.0015639975223982402
20.687140171637797,1.0089999272643235,0.0015649599387743194
20.707972889312263,1.007121292024743,0.0015657893752802016
20.72880560502563,1.0046731130530706,0.0015664770349930895
20.77047103078576,1.0026233001452989,0.0015634295146753554
20.79130374099986,1.002702639285736,0.001563454593039448
20.812136449585296,1.0052672527815842,0.0015703368996368794
20.83296915668143,1.0025093668224279,0.0015649150557544365
20.853801862440832,1.004739765541076,0.0015671591124012234
20.874634567032444,1.0046739816925236,0.0015657294564258132
20.89546727063544,1.0048783268125574,0.0015648035094128624
20.91629997343989,1.004111264934069,0.0015646255444953655
20.93713267564135,1.0041246806136748,0.0015696665318414805
20.957965377434906,1.0051626199979526,0.0015678017099986787
20.978798079014496,1.008269927573498,0.0015661505756853426
20.99963078057021,1.0089846545853742,0.0015653906964443005
21.020463482285773,1.0023245819906044,0.0015713110259556727
21.04129618433149,1.0065826767924264,0.001566601845170002
21.062128886863547,1.0036476839063928,0.0015661768899296227
21.082961590022702,1.0020389284672395,0.0015685928018987119
21.10379429392856,0.9991068851537056,0.0015661290983026944
21.124626998680924,1.004904138119278,0.001567331386308164
21.145459704358245,1.0068268999168821,0.0015669381767252015
21.166292411010765,1.0035575913283747,0.0015675398123355516
21.187125118665566,1.0083257149841,0.0015702461404648546
21.20795782732398,1.0018050802962095,0.0015689037030681599
21.228790536962148,1.0051483247811588,0.001568450255346823
21.249623247529822,1.0070603781879846,0.001569757311463727
21.270455958953335,1.005695049759908,0.0015669566919963133
21.291288671136726,1.0073084154687104,0.0015712213285443107
21.312121383959266,1.0035678629758833,0.0015678139578020947
21.33295409728248,1.006571902651771,0.0015716495112312447
21.353786810953352,1.0036820139827642,0.0015689627633297689
21.3746195248018,1.0036861849236984,0.0015703695131507604
21.395452238646385,1.006403188801969,0.001570743572466815
21.416284952297932,1.0041638377739168,0.0015713593530308724
21.43711766556271,1.0038441871956567,0.0015700872647989464
21.45795037824314,1.0032558893779129,0.0015698345229820292
21.478783090146408,1.0047453711108434,0.0015710150080670705
21.499615801083564,1.0042343265785778,0.0015744870638169895
21.52044851087112,1.0054415506560777,0.001571988398904559
21.541281219341503,1.0081340601522133,0.0015724903259647525
21.562113926338498,1.0062269179793375,0.001574651450882907
21.582946631722507,1.0017544259254938,0.0015706651844495044
21.603779335374387,1.0051278735335043,0.0015722782989527984
21.624612037198176,1.0026988653695978,0.0015723137118774989
21.645444737118396,1.001963474917602,0.0015721081200033985
21.666277435083426,1.00466202953159,0.0015718322989824974
21.687110131069172,1.0019490346938509,0.0015767562448002787
21.707942825074724,1.0035241375228277,0.0015766345459816956
21.72877551712736,1.004221453231304,0.0015726940883000163
21.749608207279376,1.0048736146787156,0.0015750811870815554
21.770440895604906,1.0055658648328394,0.0015739376058433196
21.791273582203985,1.0054984119149692,0.0015734926552349168
21.832938950719157,1.0049798856768264,0.001574400871017898
21.85377163293015,1.0058806522121673,0.0015764165808965119
21.874604313999953,1.0019423990548613,0.0015755119348169664
21.895436994110927,1.0041547713827017,0.0015762315829136136
21.91626967345201,1.0058143690161108,0.0015774246497708992
21.937102352218066,1.0015739664819314,0.0015794020357464528
21.957935030605764,1.0073688474278455,0.0015839847588942494
21.97876770880975,1.0048806590793806,0.0015786059380009235
21.999600387017377,1.0002724326601482,0.0015786915418116432
22.020433065410547,1.0092947626972777,0.0015914454967038256
22.041265744159087,1.003999077995805,0.0015804977854619027
22.062098423418774,1.0031972729938667,0.0015827401742520447
22.0829311033242,1.006450418164228,0.0015810851898320616
22.1037637839961,1.0036482735663477,0.0015817658008844414
22.124596465529518,1.0015994448349614,0.001581647909472976
22.14542914799813,1.0083061713608894,0.0015820811406718792
22.16626183145081,1.0037798086747518,0.00158175497956734
22.187094515911213,1.000035254926545,0.001586007729387467
22.207927201378425,1.006843744102924,0.0015814615443925661
22.228759887823802,1.0022527778870858,0.0015829668552949485
22.24959257519413,1.0077297207174079,0.0015817637222508196
22.270425263413014,1.0002336283859563,0.001582833264909242
22.291257952379283,1.0055831686911456,0.0015834637759391918
22.3120906419731,1.0058973345322586,0.0015874929341321976
22.332923332051678,1.005054321408676,0.0015848658153401096
22.35375602245995,1.0027859132048396,0.0015869676647123384
22.374588713026696,1.0034789327740763,0.0015874071066928357
22.395421403568662,1.000576285573186,0.0015911066087972619
22.416254093896672,1.007650931755275,0.0015903911703320085
22.437086783815626,1.0019466715828311,0.0015925514248645144
22.45791947312955,1.0030913387109182,0.0015911302779487958
22.478752161644245,1.001422583276695,0.0015907304586578687
22.49958484917079,1.003414201885202,0.0015929719264376353
22.520417535531124,1.0004434683207286,0.0015947699608274773
22.541250220555874,1.0062718349460358,0.0015935378805647538
22.562082904090403,1.002982245555067,0.0015942202021362705
22.582915586001487,1.0033103597904245,0.0015962131416875336
22.603748266170893,1.0048652306021062,0.0015955008711540032
22.624580944502892,1.0020670130982807,0.001598851390514555
22.645413620927453,0.9996723185897544,0.0015985082191683705
22.666246295396146,0.9954784663680274,0.0016009308455960866
22.687078967888056,1.0011883401518444,0.0016016240467652024
22.70791163840568,0.9975322101736712,0.0016021040315594825
22.72874430697925,1.0019423374222485,0.0016043232924866453
22.7495769736654,0.9980486924589292,0.001604881969447182
22.770409638540517,1.0001882104092623,0.0016060267860443936
22.791242301706692,0.9986616611112415,0.0016065524169055884
22.81207496328716,0.9987719029871042,0.0016046260374646402
22.832907623422894,0.9954962518872628,0.001606823429739393
22.85374028227329,1.0050017514707528,0.001608330277441662
22.87457294000842,0.9994473980744858,0.00161186527209703
22.89540559681359,0.9981818905734718,0.0016164283263898126
22.9162382528782,0.9974150333441546,0.0016121503888863087
22.93707090839712,0.9991875437074752,0.0016154908323766115
22.95790356356656,1.0007990180152273,0.0016186199667276322
22.97873621858207,0.9959543852315788,0.0016260352729533304
22.999568873630096,0.9981991996980728,0.0016271933914264293
23.02040152889072,0.996364005233085,0.0016348592579855511
23.041234184532186,0.9959550589032904,0.001637847257826107
23.062066840706173,0.998759054903689,0.0016407815874087096
23.0828994975484,0.9973175005870186,0.0016442546308232664
23.10373215517348,0.9969248354963836,0.0016504426414972306
23.12456481367576,0.9984380350061244,0.0016487687532724257
23.145397473125968,0.9941840491654904,0.001655311077562216
23.16623013356889,0.9950198423429872,0.0016514350461012699
23.187062795024534,0.9964497794231909,0.0016536117678875274
23.20789545748744,0.9929703837239496,0.0016515936067713019
23.22872812092737,0.9945472245676,0.0016520174291330802
23.249560785288395,0.996824227272806,0.0016558281155813859
23.270393450490023,0.99007989389219,0.0016575385551656071
23.291226116429016,0.992520008254446,0.0016646699985013453
23.31205878298169,0.99402196506965,0.0016692805296551461
23.332891450004805,0.9918743133159728,0.0016771074638874913
23.35372411734011,0.9931117387010168,0.0016849123839937595
23.37455678481456,0.9919489017040864,0.0016938425087633373
23.39538945224263,0.9932548046133032,0.0017006821830320724
23.416222119435805,0.9895287829523722,0.0017055653987467273
23.437054786198807,0.9867257476008546,0.0017131785280233402
23.457887452335626,0.9917446066881652,0.0017156346378688805
23.47872011765116,0.9883536244050612,0.0017191326971781244
23.499552781960354,0.9913406429191632,0.0017241407657879663
23.520385445082866,0.9871833372970694,0.0017278422350721439
23.541218106853194,0.986151762362249,0.0017323777344491595
23.5620507671199,0.988559723648605,0.001736833231684568
23.58288342574906,0.9953223508149408,0.0017439938506683054
23.603716082628356,0.9816377025597824,0.0017518981214348411
23.624548737664327,0.9853017022250348,0.0017638495664099407
23.645381390787634,0.9822382384321484,0.0017746897656772665
23.66621404195689,0.980484413158658,0.0017901686586049234
23.68704669115209,0.9834667673178736,0.0018055348125158926
23.70787933838005,0.9889235981141116,0.0018165238854882038
23.7287119836742,0.9901625745002106,0.0018313133150579515
23.7495446270932,0.9944576729720076,0.0018485219147718421
23.77037726871777,0.9929097774221148,0.001856594992587701
23.791209908652267,0.9899747342620604,0.001865304298929403
23.812042547023797,0.9904297448782066,0.0018792417699351625
23.832875183974014,0.9856929361205432,0.0018887876728305398
23.853707819664574,0.9831340431469672,0.0019051483942996669
23.87454045426898,0.9787633826852364,0.0019227132642081414
23.895373087971397,0.9830797006576772,0.0019437844385054761
23.916205720963262,0.9806553693714736,0.0019679457135942887
23.937038353439675,0.9806672717997827,0.0019966134145397827
23.957870985596852,0.976211802431653,0.002024428716494122
23.978703617628067,0.9749928381561268,0.0020606188970003977
23.999536249722038,0.9698314204146816,0.002104979100674135
24.020368882054754,0.966437627153612,0.0021543776666567626
24.04120151479356,0.9594011379903076,0.0022195786425780136
24.06203414808806,0.9603335408040636,0.002276687838830411
24.08286678207105,0.96164218721504,0.002343490537654323
24.103699416855306,0.9573490133228292,0.0024050287242913283
24.124532052531773,0.9511330603138024,0.0024656269876192675
24.145364689167533,0.9527106726300516,0.0025252389707695736
24.166197326803285,0.9485872731388968,0.002577923974708223
24.187029965457892,0.9479787845893086,0.002629043166281935
24.207862605122727,0.9448931221776118,0.002679525492883848
24.22869524576345,0.9452948569425799,0.0027308420166821602
24.249527887319797,0.9376608610258024,0.0027830290690174586
